home	首页	ホーム	홈	Главная
products	产品	製品	제품	Продукция
oem	代工与自有品牌	OEM・プライベートブランド	OEM 및 자체 브랜드	OEM и собственная марка
manufacturing	生产制造	製造	제조	Производство
quality	质量	品質	품질	Качество
about	关于我们	会社案内	회사 소개	О компании
insights	采购指南	バイヤーガイド	구매 가이드	Руководства
markets	全球市场	海外市場	해외 시장	Международные рынки
contact	联系我们	お問い合わせ	문의	Контакты
quote	询价	見積もり依頼	견적 요청	Запросить предложение
explore	探索产品	製品を見る	제품 보기	Смотреть продукцию
startOem	启动自有品牌项目	ブランド企画を相談	브랜드 프로젝트 시작	Начать проект OEM
all	所有产品	すべての製品	전체 제품	Все продукты
search	搜索产品	製品検索	제품 검색	Поиск продукции
menu	菜单	メニュー	메뉴	Меню
close	关闭	閉じる	닫기	Закрыть
heroLabel	板栗制造商 · 代工 · 全球供应	栗の製造 · OEM · 海外供給	밤 제조 · OEM · 글로벌 공급	ПРОИЗВОДСТВО КАШТАНОВ · OEM · МЕЖДУНАРОДНЫЕ ПОСТАВКИ
hero	从燕山板栗到全球零售市场。	燕山の栗を、世界の小売市場へ。	옌산의 밤을 세계 소매 시장으로.	От каштанов Яньшань до мировых розничных рынков.
heroBody	Great Wall Green Source 专注板栗采购、加工、制造和企业供应，服务全球进口商、零售商、批发商与食品品牌。	Great Wall Green Source は栗の調達、加工、製造と法人向け供給を専門とし、輸入業者、小売、卸売、食品ブランドに対応します。	Great Wall Green Source는 밤 조달, 가공, 제조 및 기업 공급을 전문으로 하며 수입업체, 소매업체, 도매업체와 식품 브랜드를 지원합니다.	Great Wall Green Source специализируется на закупке, переработке, производстве и B2B-поставках каштанов для импортёров, розницы, оптовиков и пищевых брендов.
response	出口团队将在24小时内回复。	輸出チームが24時間以内に返信します。	수출팀이 24시간 이내에 답변합니다.	Экспортный отдел отвечает в течение 24 часов.
origin	源于燕山，面向世界。	燕山を原点に、世界へ。	옌산에서 시작하여 세계로.	Истоки в Яньшань. Международный масштаб.
trust	国际食品市场质量文件	海外食品市場向けの品質書類	국제 식품 시장을 위한 품질 문서	Документы по качеству для международных рынков
proof	为可靠全球供应而构建	安定した海外供給のために	안정적인 글로벌 공급을 위한 운영	Основа надёжных международных поставок
proofBody	从精选原料到零售成品的一体化运营。	原料選定から小売向け製品まで、一体化した運営。	원료 선정부터 소매 제품까지 통합 운영.	Единая работа от отбора сырья до продукции для розницы.
specialty	我们的核心专长	私たちの専門分野	핵심 전문 분야	НАША СПЕЦИАЛИЗАЦИЯ
core	面向全球市场的板栗产品	海外市場向けの栗製品	글로벌 시장을 위한 밤 제품	Продукты из каштанов для мировых рынков
viewAll	查看所有产品	すべての製品を見る	전체 제품 보기	Все продукты
viewProduct	查看产品	製品詳細	제품 상세	Подробнее
formats	零售、大宗与自有品牌包装	小売・業務用・自社ブランド向け	소매, 벌크 및 자체 브랜드 형식	Розничные, оптовые форматы и собственная марка
confirmed	根据产品和规格确认。	製品と仕様に基づきます。	제품 및 사양에 따라 확정.	В зависимости от продукта и спецификации.
risk	降低供应风险的一体化体系	供給リスクを抑える仕組み	공급 위험을 줄이는 체계	Система для снижения рисков поставок
riskBody	采购、生产和质量一体化控制有助于减少国际买家的供应不确定性。	調達、製造、品質を連携管理し、海外バイヤーの供給不確実性を抑えます。	조달, 제조 및 품질의 통합 관리는 해외 구매자의 공급 불확실성을 줄이는 데 도움이 됩니다.	Контроль закупок, производства и качества помогает снизить неопределённость для международных покупателей.
source	源头控制	原料調達の管理	원료 관리	Контроль источника
sourceBody	在采购阶段选择原料并监控质量。	調達段階から原料を選定し品質を確認。	조달 단계부터 원료 선정과 품질 관리.	Отбор сырья и контроль качества на этапе закупки.
integrated	一体化生产	統合された製造	통합 제조	Единое производство
integratedBody	采购、储存、加工、包装形成统一供应流程。	調達、保管、加工、包装を一つの供給工程に。	조달, 보관, 가공 및 포장을 하나의 공급 운영으로 연결.	Закупки, хранение, переработка и упаковка в одной системе.
certified	质量文件	品質書類	품질 문서	Документы по качеству
certifiedBody	按目标市场审核产品认证范围与质量体系。	対象市場に応じ、品質体制と製品の認証範囲を確認。	목표 시장에 맞는 품질 체계와 제품 인증 범위를 확인하세요.	Проверьте систему качества и область сертификации для вашего рынка.
flexible	灵活企业供应	柔軟な法人供給	유연한 기업 공급	Гибкие B2B-поставки
flexibleBody	根据项目要求提供大宗、代工和自有品牌生产。	企画に合わせた業務用、OEM、自社ブランド製造。	프로젝트 요구에 따른 벌크, OEM 및 자체 브랜드 생산.	Оптовые поставки, OEM и собственная марка по требованиям проекта.
exploreFactory	探索生产能力	製造について詳しく	제조 역량 보기	О производстве
oemTitle	您的品牌，我们的制造经验。	あなたのブランドに、私たちの製造経験を。	귀사의 브랜드, 우리의 제조 경험.	Ваш бренд. Наш производственный опыт.
oemBody	根据市场、包装和品牌需求开发板栗产品。	市場、包装、ブランドに合わせて栗製品を企画。	시장, 포장 및 브랜딩 요구에 맞춰 밤 제품을 개발하세요.	Разработка каштановых продуктов под ваш рынок, упаковку и бренд.
oemNote	起订量及生产要求根据产品和项目规格确认。	最小数量と製造条件は製品・企画仕様に基づき確認。	최소 주문량과 생산 조건은 제품 및 프로젝트 사양에 따라 확정됩니다.	Минимальный объём и условия производства подтверждаются по спецификации.
custom	重量|包装|品牌设计|语言|条码|外箱	重量|包装|デザイン|言語|バーコード|外箱	중량|포장|브랜드 디자인|언어|바코드|상자	Вес|Упаковка|Дизайн бренда|Язык|Штрихкод|Короб
inside	走进 Great Wall Green Source	Great Wall Green Source の製造現場	Great Wall Green Source 내부	Внутри Great Wall Green Source
insideBody	了解供应背后的人员、流程和质量控制。	供給を支える人、工程、管理をご覧ください。	공급을 뒷받침하는 사람, 공정 및 관리를 알아보세요.	Люди, процессы и контроль, стоящие за поставками.
qualityLabel	质量与合规	品質とコンプライアンス	품질 및 규정 준수	КАЧЕСТВО И СООТВЕТСТВИЕ
qualityTitle	用标准证明质量，而非口号。	品質は言葉ではなく、基準で示す。	주장이 아닌 기준으로 입증하는 품질.	Качество подтверждается стандартами, а не заявлениями.
qualityBody	审核所选产品及目标市场的认证范围、签发机构和有效期。	製品と市場に応じて、範囲、発行機関、有効期限を確認。	제품 및 시장에 대한 인증 범위, 발급기관과 유효기간을 확인하세요.	Проверьте область, орган выдачи и срок действия для продукта и рынка.
viewCert	查看证书	証明書を見る	인증서 보기	Посмотреть сертификат
pending	文件待确认	書類確認が必要	문서 확인 필요	Требуется подтверждение документа
certNote	当前证书、签发机构、范围和有效期需由出口团队确认。本列表不代表具体产品声明。	最新書類、発行機関、範囲、有効期限は輸出チームに確認してください。製品の認証を示す一覧ではありません。	현재 인증서, 발급기관, 범위와 유효기간은 수출팀 확인이 필요합니다. 이 목록은 개별 제품 인증을 의미하지 않습니다.	Актуальные документы, область и срок действия уточняются у экспортного отдела. Список не подтверждает свойства отдельных продуктов.
buyers	围绕企业买家的解决方案	法人バイヤーに合わせた提案	기업 구매자를 위한 솔루션	Решения для B2B-покупателей
buyerNames	进口商与分销商|超市与零售品牌|批发商	輸入業者・販売代理店|スーパー・小売ブランド|卸売業者	수입업체 및 유통업체|슈퍼마켓 및 소매 브랜드|도매업체	Импортёры и дистрибьюторы|Сети и розничные бренды|Оптовики
buyerBodies	商业供应、产品规格和出口支持。|零售产品、自有品牌和市场要求。|多种产品形态和询价采购。	商業供給、製品仕様、輸出対応。|小売向け製品、自社ブランド、市場要件。|複数の製品形態と見積もりによる取引。	상업 공급, 제품 사양 및 수출 지원.|소매 제품, 자체 브랜드 및 시장 요구.|다양한 제품 형식 및 견적 기반 구매.	Коммерческие поставки, спецификации, экспортная поддержка.|Продукция для розницы, собственная марка, требования рынка.|Разные форматы и закупки на основе предложения.
insightTitle	板栗采购指南	栗の調達ガイド	밤 구매 가이드	Руководства для покупателей каштанов
articles	如何选择可靠的板栗制造商|中国板栗收获季：进口商须知|自有品牌板栗：包装与采购指南	栗の製造会社の選び方|中国の栗収穫期：輸入業者の確認事項|自社ブランド栗の包装・調達ガイド	밤 제조업체 선택 방법|중국 밤 수확기: 수입업체 확인 사항|자체 브랜드 밤: 포장 및 구매 가이드	Как выбрать производителя каштанов|Сезон сбора каштанов в Китае|Собственная марка: упаковка и закупки
read	阅读指南	ガイドを読む	가이드 읽기	Читать
finalTitle	寻找可靠的板栗供应伙伴？	栗の供給パートナーをお探しですか？	신뢰할 수 있는 밤 공급 파트너를 찾으시나요?	Ищете надёжного поставщика каштанов?
finalBody	请提供产品、市场和包装需求，出口团队将审核并在24小时内回复。	製品、市場、包装のご要望をお知らせください。輸出チームが確認し、24時間以内に返信します。	제품, 시장 및 포장 요구를 알려주세요. 수출팀이 검토 후 24시간 이내에 답변합니다.	Сообщите требования к продукту, рынку и упаковке. Экспортный отдел рассмотрит запрос и ответит в течение 24 часов.
contactSales	联系销售	営業に相談	영업팀 문의	Связаться с отделом продаж
footerBody	服务国际企业市场的板栗采购、制造与供应。	海外法人向けの栗の調達・製造・供給。	국제 기업 시장을 위한 밤 조달, 제조 및 공급.	Закупки, производство и поставки каштанов для международного B2B-рынка.
privacy	隐私政策	プライバシーポリシー	개인정보 처리방침	Конфиденциальность
cookies	Cookie 政策	Cookie ポリシー	쿠키 정책	Политика cookie
terms	使用条款	利用規約	이용약관	Условия
other	其他产品	その他の製品	기타 제품	Другие продукты
overview	概述	概要	개요	Обзор
specifications	规格	仕様	사양	Спецификации
packaging	包装	包装	포장	Упаковка
faq	常见问题	よくある質問	자주 묻는 질문	Вопросы и ответы
related	相关产品	関連製品	관련 제품	Другие продукты
privateLabel	讨论自有品牌	自社ブランドを相談	자체 브랜드 상담	Обсудить собственную марку
specLabels	产地|规格重量|包装|自有品牌|起订量|交货时间|适用认证	産地|サイズ|包装|自社ブランド|最小数量|納期|適用認証	원산지|규격|포장|자체 브랜드|최소 주문량|납기|해당 인증	Происхождение|Размеры|Упаковка|Собственная марка|Минимальный объём|Срок|Применимые сертификаты
china	中国河北	中国・河北省	중국 허베이	Хэбэй, Китай
available	按项目定制	企画に合わせた仕様	프로젝트별 맞춤	Настройка под проект
lead	根据订单要求确认。	注文条件に基づき確認。	주문 요구에 따라 확정.	Подтверждается по условиям заказа.
skuNote	成分、声明、保质期和认证需按具体SKU确认。	原材料、表示、賞味期限、認証はSKUごとに確認。	성분, 표시, 유통기한 및 인증은 SKU별로 확인됩니다.	Состав, заявления, срок хранения и сертификаты подтверждаются для конкретного SKU.
productBody	面向国际零售、批发或食品原料供应的板栗产品。请提供市场和包装要求以获取规格报价。	小売、卸売、食品原料向けの栗製品。市場と包装要件を共有し、仕様に基づく見積もりをご依頼ください。	소매, 도매 또는 식품 원료 공급용 밤 제품입니다. 시장과 포장 요구에 따른 견적을 요청하세요.	Продукт из каштанов для розницы, оптовых поставок или ингредиентов. Укажите рынок и упаковку для расчёта по спецификации.
otherBody	面向企业供应的补充产品。请向出口团队确认形式、成分和市场文件。	法人向けの補完製品。形態、原料、市場書類を輸出チームに確認してください。	기업 공급용 보완 제품입니다. 형식, 성분과 시장 문서를 수출팀에 확인하세요.	Дополнительная категория для B2B-поставок. Формат, состав и документы уточняются у экспортного отдела.
oemHero	与 Great Wall Green Source 共同开发产品。	Great Wall Green Source と製品づくりを。	Great Wall Green Source와 제품을 개발하세요.	Создайте свой продукт с Great Wall Green Source.
oemProcess	需求|审核|确认|资格审核后样品|生产|质量控制|出口	要件|審査|確認|案件確認後のサンプル|製造|品質管理|輸出	요구 사항|검토|확정|자격 검토 후 샘플|생산|품질 관리|수출	Требования|Проверка|Подтверждение|Образец после квалификации|Производство|Контроль качества|Экспорт
oemProcessBody	明确产品、市场和包装。|审核产品适配及生产可行性。|确认规格与商业条款。|审核后评估商定样品。|按确认规格生产。|审核检验和质量记录。|确认出口文件与交付。	製品・市場・包装を共有。|製品適合と製造可否を確認。|仕様と取引条件を確定。|案件確認後に合意サンプルを評価。|確定仕様で製造。|検査と品質記録を確認。|輸出書類と配送を確定。	제품, 시장과 포장 요구 공유.|제품 적합성과 생산 가능성 검토.|사양과 거래 조건 확정.|검토 후 합의된 샘플 평가.|확정 사양에 따른 생산.|검사 및 품질 기록 검토.|수출 문서와 배송 확정.	Укажите продукт, рынок и упаковку.|Оценка соответствия и возможности производства.|Согласование спецификаций и условий.|Оценка согласованного образца после квалификации.|Производство по спецификации.|Проверка инспекций и записей качества.|Документы экспорта и условия доставки.
factoryTitle	从原料到成品	原料から完成品へ	원료에서 완제품까지	От сырья до готового продукта
factoryBody	一体化生产流程，根据所选产品确定合适工艺。	連携した製造工程。製品に応じて適切な加工方法を選びます。	제품에 적합한 가공 경로를 결정하는 통합 공정.	Связанные производственные процессы. Технология определяется выбранным продуктом.
process	原料采购|储存|去皮与清洗|筛选|烘烤与加工|质量控制|包装|最终检验	原料調達|保管|皮むき・洗浄|選別|焙煎・加工|品質管理|包装|最終検査	원료 조달|보관|박피 및 세척|선별|로스팅 및 가공|품질 관리|포장|최종 검사	Закупка сырья|Хранение|Очистка и мойка|Отбор|Обжарка и переработка|Контроль качества|Упаковка|Финальная проверка
processBody	监控原料质量。|根据产品管理储存。|为工艺准备原料。|按规格分级筛选。|按产品加工，非所有产品都烘烤。|在相关阶段检查。|按市场规格包装。|审核成品及出货要求。	調達品質を確認。|製品に適した保管。|加工用に原料を準備。|仕様に合わせ選別。|製品ごとに加工、焙煎は全製品共通ではありません。|工程に応じた検査。|市場仕様に合わせ包装。|完成品と出荷要件を確認。	원료 품질 관리.|제품별 보관 관리.|가공을 위한 원료 준비.|사양에 맞는 선별.|제품별 가공, 모든 제품에 로스팅이 적용되지는 않습니다.|단계별 검사.|시장 사양에 따른 포장.|완제품 및 출하 요구 검토.	Контроль качества сырья.|Хранение по требованиям продукта.|Подготовка сырья к переработке.|Отбор по спецификации.|Технология зависит от продукта; обжарка применяется не ко всем.|Проверки на соответствующих этапах.|Упаковка по требованиям рынка.|Проверка продукта и отгрузки.
qualityHero	质量融入每一阶段	すべての段階に品質を	모든 단계에 품질을	Качество на каждом этапе
qualityChecks	源头监控|分级|生产控制|金属检测|最终检验	調達管理|等級選別|製造管理|金属検出|最終検査	원료 관리|등급 선별|생산 관리|금속 검출|최종 검사	Контроль сырья|Сортировка|Производственный контроль|Металлодетекция|Финальная проверка
certificateLibrary	证书资料库	認証書類	인증 문서	Библиотека сертификатов
certificateFilters	全部|食品安全|质量管理|有机|清真	すべて|食品安全|品質管理|有機|ハラール	전체|식품 안전|품질 관리|유기농|할랄	Все|Пищевая безопасность|Управление качеством|Органические|Халяль
aboutTitle	专注板栗全产业链	栗の産業チェーン全体に向き合う	밤 산업 전체 공급망에 집중	Вся производственная цепочка каштанов
aboutBody	将板栗采购、储存、加工和包装与国际买家需求连接，专注板栗全产业链。	栗の調達、保管、加工、包装と海外バイヤーのニーズを結び、産業チェーン全体に取り組みます。	밤 조달, 보관, 가공 및 포장을 해외 구매자의 요구와 연결하며 전체 공급망에 집중합니다.	Мы связываем закупки, хранение, переработку и упаковку каштанов с требованиями международных покупателей.
story	公司故事	会社の歩み	회사 이야기	История компании
storyBody	扎根中国河北燕山板栗产区，将产地与制造连接于企业供应。	中国河北省の燕山栗産地を拠点に、原産地と製造を法人向け供給に結びます。	중국 허베이 옌산 밤 산지를 기반으로 원산지와 제조를 기업 공급에 연결합니다.	В регионе выращивания каштанов Яньшань, Хэбэй, мы соединяем происхождение продукта и производство.
vision	愿景	ビジョン	비전	Видение
visionBody	连接专业板栗制造与国际食品市场需求。	栗の専門製造と海外食品市場のニーズを結ぶ。	밤 전문 제조와 국제 식품 시장 수요 연결.	Соединять производство каштанов с потребностями международных рынков.
mission	使命	ミッション	미션	Миссия
missionBody	通过一体化采购、制造和质量控制提供规格产品。	調達、製造、品質管理の連携で仕様に沿う製品を提供。	조달, 제조 및 품질 관리로 사양에 맞는 제품 제공.	Продукция по спецификации через взаимосвязанные закупки, производство и контроль.
values	价值观	価値観	가치	Ценности
valuesBody	产品专注，清晰沟通，质量纪律，长期合作。	製品への集中、明確な対話、品質規律、長期の協力。	제품 집중, 명확한 소통, 품질 원칙, 장기 파트너십.	Специализация, ясная коммуникация, дисциплина качества, долгосрочное партнёрство.
history	公司历史	会社沿革	회사 연혁	История
historyBody	完整时间线将在里程碑获批后发布。	承認済みの節目に基づく年表を後日公開します。	승인된 주요 연혁은 확정 후 게시됩니다.	Датированные этапы будут опубликованы после подтверждения.
marketsTitle	本地要求，一体化供应。	地域の要件、つながる供給。	현지 요구, 연결된 공급.	Местные требования. Связанная система поставок.
marketsBody	依据目标市场评估产品形态、标签、包装和文件。	仕向地市場に応じて製品、表示、包装、書類を評価。	목표 시장에 맞는 제품 형식, 표시, 포장 및 문서를 검토하세요.	Формат, маркировка, упаковка и документы оцениваются для рынка назначения.
regions	亚太|中东与北非|欧洲|其他国际市场	アジア太平洋|中東・北アフリカ|欧州|その他の海外市場	아시아 태평양|중동 및 북아프리카|유럽|기타 해외 시장	Азиатско-Тихоокеанский регион|Ближний Восток и Северная Африка|Европа|Другие рынки
marketNote	市场准入与合规按项目评估，所列区域不是已核实的当前出口目的地。	市場適合性は個別確認します。この地域一覧は確認済みの輸出実績を示すものではありません。	시장 진입과 규정 준수는 개별 검토됩니다. 지역 목록은 확인된 현재 수출 실적이 아닙니다.	Доступ и соответствие рынку проверяются индивидуально. Список не подтверждает текущие экспортные направления.
contactTitle	联系出口团队	輸出チームに相談	수출팀 문의	Связаться с экспортным отделом
contactBody	通过询价表提供产品、目的地和包装要求，并填写企业联系方式。	見積もりフォームで製品、仕向地、包装と法人連絡先を共有してください。	견적 양식으로 제품, 목적지, 포장 요구와 기업 연락처를 제출하세요.	Укажите продукт, направление, упаковку и деловые контакты в форме запроса.
rfqTitle	建立您的供应需求。	供給条件を一緒に整理しましょう。	공급 요구를 함께 정리하세요.	Составим ваш запрос на поставку.
rfqIntro	提供简要信息以便准备相关回复。	関連するご提案のため、概要をお知らせください。	적절한 답변을 위해 프로젝트 세부 정보를 알려주세요.	Несколько деталей помогут подготовить подходящий ответ.
steps	项目|产品|需求|联系方式	企画|製品|要件|連絡先	프로젝트|제품|요구 사항|연락처	Проект|Продукт|Требования|Контакты
intentQuestion	您需要什么？	何をお探しですか？	어떤 공급을 찾으시나요?	Что вас интересует?
intents	大宗供应|自有品牌|代工制造|分销合作|其他	業務用供給|自社ブランド|OEM製造|販売代理店提携|その他	벌크 공급|자체 브랜드|OEM 제조|유통 파트너십|기타	Оптовые поставки|Собственная марка|OEM-производство|Дистрибуция|Другое
productQuestion	您对哪种产品感兴趣？	どの製品をご希望ですか？	어떤 제품에 관심이 있으신가요?	Какой продукт вас интересует?
requirementsTitle	请介绍您的需求。	ご要望をお知らせください。	요구 사항을 알려주세요.	Расскажите о требованиях.
detailsTitle	出口团队如何联系您？	ご連絡先をお知らせください。	수출팀이 어떻게 연락드리면 될까요?	Как с вами связаться?
quantity	预计数量	予定数量	예상 수량	Ориентировочный объём
packReq	包装要求	包装要件	포장 요구	Требования к упаковке
market	目标市场	対象市場	목표 시장	Целевой рынок
message	留言	メッセージ	메시지	Сообщение
name	姓名	氏名	이름	Имя
company	公司	会社名	회사	Компания
country	国家	国	국가	Страна
email	企业邮箱	ビジネスメール	업무 이메일	Деловой email
phone	电话 / WhatsApp	電話 / WhatsApp	전화 / WhatsApp	Телефон / WhatsApp
next	继续	次へ	계속	Продолжить
back	返回	戻る	뒤로	Назад
submit	提交询价	送信する	요청 제출	Отправить запрос
submitting	提交中…	送信中…	제출 중…	Отправка…
consent	我同意隐私政策，并同意就此请求与我联系。	プライバシーポリシーと本件に関する連絡に同意します。	개인정보 처리방침과 본 요청 관련 연락에 동의합니다.	Я принимаю политику конфиденциальности и согласен на связь по запросу.
success	您的请求已收到	ご依頼を受け付けました	요청이 접수되었습니다	Ваш запрос получен
reference	请求编号	受付番号	요청 번호	Номер запроса
again	开始新请求	別の依頼を作成	새 요청 시작	Новый запрос
required	请填写必填项。	必須項目を入力してください。	필수 항목을 입력하세요.	Заполните обязательные поля.
saveError	无法保存，请重试。	保存できませんでした。再度お試しください。	저장하지 못했습니다. 다시 시도하세요.	Не удалось сохранить запрос. Попробуйте ещё раз.
review	需求摘要	ご依頼の概要	요구 요약	Ваш запрос
assistant	企业产品与出口助手	法人向け製品・輸出アシスタント	기업 제품 및 수출 도우미	Помощник по продуктам и экспорту B2B
assistantHello	如何协助您的采购项目？	調達のご相談をお聞かせください。	조달 프로젝트를 어떻게 도와드릴까요?	Чем помочь в вашем проекте закупки?
findProduct	查找产品	製品を探す	제품 찾기	Найти продукт
chatPlaceholder	产品、国家或需求…	製品、国、ご要望…	제품, 국가 또는 요구…	Продукт, страна или требования…
send	发送	送信	전송	Отправить
confirmTeam	此需求需要出口团队确认。	この要件は輸出チームによる確認が必要です。	이 요구 사항은 수출팀 확인이 필요합니다.	Это требование должен подтвердить экспортный отдел.
chatProduct	请选择产品，我会加入询价。	製品を選ぶと見積もり依頼に追加します。	제품을 선택하면 견적 요청에 추가합니다.	Выберите продукт, и я включу его в запрос.
chatOem	代工与自有品牌根据产品和项目要求审核。	OEM・自社ブランドは製品と企画に応じて確認します。	OEM과 자체 브랜드는 제품 및 프로젝트 요구에 따라 검토됩니다.	OEM и собственная марка оцениваются по требованиям проекта.
chatCert	认证范围与有效期需按产品和目的地确认。	認証範囲と期限は製品・仕向地ごとに確認します。	인증 범위와 유효기간은 제품과 목적지별 확인이 필요합니다.	Область и срок сертификата подтверждаются для продукта и направления.
chatBrief	留言已加入询价，请在表单中填写目的地。	メッセージを追加しました。フォームに仕向地を入力してください。	메시지를 추가했습니다. 양식에서 목적지를 입력하세요.	Сообщение добавлено. Укажите направление в форме.
chatCountry	目的地国家	仕向地の国	목적지 국가	Страна назначения
savedBrief	您的需求将传入询价表。	ご要望を見積もりフォームに引き継ぎます。	요구 사항을 견적 양식에 전달합니다.	Требования будут перенесены в форму запроса.
noResults	没有匹配产品。	該当する製品はありません。	일치하는 제품이 없습니다.	Подходящих продуктов не найдено.
reset	重置筛选	絞り込みをリセット	필터 초기화	Сбросить фильтры
videoMissing	工厂视频正在准备。请浏览制造流程或联系出口团队。	工場映像を準備中です。製造工程をご覧いただくか、輸出チームにご相談ください。	공장 영상을 준비 중입니다. 제조 공정을 확인하거나 수출팀에 문의하세요.	Фильм о заводе готовится. Изучите производство или запросите сведения у экспортного отдела.
visualNote	图片取自所附设计参考。	添付のデザイン参考画像を使用。	첨부된 디자인 참고 이미지 사용.	Изображения адаптированы из предоставленного макета.
preview	私人设计预览	非公開デザインプレビュー	비공개 디자인 미리보기	ЧАСТНЫЙ ПРЕДПРОСМОТР
previewBody	参考图片 · 公司文件待确认	参考画像・会社書類は確認待ち	참고 이미지 · 회사 문서 확인 대기	Референсные изображения · документы ожидают подтверждения
policyIntro	此私人预览用于 Great Wall Green Source 公开商业发布前审核。	Great Wall Green Source の一般公開前の確認用プレビューです。	Great Wall Green Source의 공개 출시 전 검토용 미리보기입니다.	Частный предпросмотр Great Wall Green Source для проверки перед коммерческим запуском.
privacyBody	询价保存姓名、公司、国家、联系方式及项目需求以评估请求。请勿提交敏感个人数据。隐私联系人、保留期限及法律细节需在公开前确认。	依頼評価のため氏名、会社、国、連絡先、企画要件を保存します。機微情報は送らないでください。窓口、保存期間、法的詳細は公開前に確定します。	요청 평가를 위해 이름, 회사, 국가, 연락처와 프로젝트 요구를 저장합니다. 민감한 개인정보를 제출하지 마세요. 개인정보 연락처, 보관 기간 및 법적 사항은 공개 전에 확정해야 합니다.	Сохраняются имя, компания, страна, контакты и требования для оценки запроса. Не отправляйте чувствительные данные. Контакт по приватности, срок хранения и юридические детали уточняются до публичного запуска.
cookieBody	本预览不加载分析或广告跟踪。登录和托管可能使用必要Cookie。可选服务需适当同意机制。	分析・広告トラッカーは読み込みません。ログインとホスティングは必須Cookieを利用する場合があります。任意サービスには同意が必要です。	분석 및 광고 추적기를 사용하지 않습니다. 로그인과 호스팅은 필수 쿠키를 사용할 수 있습니다. 선택 서비스에는 동의 절차가 필요합니다.	Нет аналитических или рекламных трекеров. Вход и хостинг могут использовать обязательные cookie. Дополнительные сервисы требуют согласия.
termsBody	网站为企业提供信息，不构成约束性报价。价格、数量、时间、供货、规格和认证需出口团队书面确认。	法人向け情報であり拘束力ある申込みではありません。価格、数量、納期、供給、仕様、認証は書面確認が必要です。	본 사이트는 기업 정보 제공용이며 구속력 있는 제안이 아닙니다. 가격, 수량, 납기, 공급, 사양과 인증은 수출팀의 서면 확인이 필요합니다.	Информация для B2B не является обязательной офертой. Цены, объёмы, сроки, доступность, спецификации и сертификаты требуют письменного подтверждения.
faqQuestions	有公开价格吗？|能为我的品牌生产吗？|起订量和交期如何确认？|能提供样品吗？	公開価格はありますか？|自社ブランド製造は可能ですか？|最小数量と納期は？|サンプルは入手できますか？	공개 가격이 있나요?|자체 브랜드로 생산 가능한가요?|최소 주문량과 납기는?|샘플을 받을 수 있나요?	Есть ли публичные цены?|Возможно производство под моим брендом?|Как подтверждаются объём и срок?|Можно получить образец?
faqAnswers	所有交易均需询价。|按项目需求审核。|根据产品与确认规格。|资格审核后讨论样品。	取引は見積もり方式です。|企画要件に基づき確認します。|製品と確定仕様によります。|案件確認後に相談します。	모든 거래는 견적 기반입니다.|프로젝트 요구를 검토합니다.|제품 및 확정 사양에 따릅니다.|자격 검토 후 논의합니다.	Все сделки на основе предложения.|Проект рассматривается по требованиям.|По продукту и согласованной спецификации.|После квалификации и проверки проекта.
certRequest	在询价中加入证书要求	認証書類を依頼に追加	인증 문서를 요청에 추가	Запросить документы
 guideIntro	国际板栗买家的实用采购清单。	海外バイヤー向け調達チェックリスト。	해외 밤 구매자를 위한 조달 체크리스트.	Практический список проверки для международных покупателей.
guideSections	产品适配|制造证据|市场文件|商业确认	製品適合|製造の根拠|市場書類|取引確認	제품 적합성|제조 증거|시장 문서|거래 확인	Соответствие продукта|Доказательства производства|Документы рынка|Коммерческое подтверждение
guideBodies	先确定产品、成分和包装。|索取工厂及工艺资料。|审核证书范围、期限及标签要求。|书面确认数量、包装、交期和交付条款，审核后申请样品。	製品、原料、包装を先に定義。|工場と工程の根拠を確認。|認証範囲、期限、表示要件を確認。|数量、包装、納期、配送を書面で合意。サンプルは案件確認後。	제품, 성분과 포장을 먼저 정의.|공장 및 공정 증거 요청.|인증 범위, 유효기간 및 표시 요구 검토.|수량, 포장, 납기와 배송 조건을 서면 확정. 샘플은 검토 후 요청.	Сначала определите продукт, состав и упаковку.|Запросите сведения о заводе и технологии.|Проверьте область и срок сертификатов, маркировку.|Письменно согласуйте объём, упаковку, срок и доставку. Образцы после квалификации.
harvestIntro	将季节采购与采购计划连接，确认当前收成供应及产品储存策略。	季節調達を計画に結び、当年の供給と製品別の保管方針を確認。	계절 조달을 구매 계획과 연결하고 현재 수확물 공급 및 보관 전략을 확인하세요.	Согласуйте сезонные закупки с планом и уточните наличие текущего урожая и хранение.
packIntro	明确产品、市场、包装重量、设计、语言、条码与外箱要求。	製品、市場、重量、デザイン、言語、バーコード、外箱を整理。	제품, 시장, 포장 중량, 디자인, 언어, 바코드와 상자 요구를 정의하세요.	Определите продукт, рынок, вес, дизайн, язык, штрихкод и короб.
titleProducts	国际食品市场产品	海外食品市場向け製品	국제 식품 시장용 제품	Продукция для международных рынков
productsBody	探索板栗与补充产品。按规格和询价供应。	栗の専門製品と補完製品。仕様と見積もりに基づく供給。	밤 전문 제품 및 보완 제품. 사양과 견적 기반 공급.	Каштаны и дополнительные категории. Поставки по спецификации и предложению.
